reference_test,n_decomp_residues,n_supported,share_supported,n_favorable_supported,total_mean_sum_supported,top_supported_residues
2CX pocket exact,54,19,0.35185185185185186,3,-9.781460234604754,ARG376;SER414;TRP310;HIS373;VAL410;GLN307;ARG311;LEU418;TRP415;PHE399;ASN411;TRP417
2CX pocket +/-2,54,35,0.6481481481481481,3,-11.661418844223329,ARG376;SER414;TRP310;HIS373;VAL410;GLN307;ARG311;LEU418;LEU308;TRP415;PHE399;ASN411
PER2 interface exact,54,1,0.018518518518518517,0,-0.00216060630182422,PHE428
PER2 interface +/-2,54,7,0.12962962962962962,0,-1.2617719491431731,LEU418;PHE399;LEU403;VAL396;GLY395;SER419;PHE428
Either exact reference,54,20,0.37037037037037035,3,-9.783620840906579,ARG376;SER414;TRP310;HIS373;VAL410;GLN307;ARG311;LEU418;TRP415;PHE399;ASN411;TRP417
Either +/-2 reference,54,38,0.7037037037037037,3,-11.804758555002765,ARG376;SER414;TRP310;HIS373;VAL410;GLN307;ARG311;LEU418;LEU308;TRP415;PHE399;ASN411
